0,1,2,3,4,5
Name,Balochistan,KP (Including Merged Areas),Pakistan,Punjab,Sindh
Total Urban Motor Pump Water,11.55,35.54,23.8,33.24,10.18
Total Rural Motor Pump Water,23.71,27.79,33.92,46.66,7.95
Total Motor Pump Water,20.41,29.02,30.01,41.58,9.19
Total Urban Other Drinking Water,1.91,2.72,7.07,3.05,13.83
Total Rural Other Drinking Water,23.13,19.62,7.28,1.88,4.26
Total Other Drinking Water,17.37,16.94,7.2,2.32,9.56
Total Urban Hand Pump Water,1.28,6.2,7.32,6.3,9.51
Total Rural Hand Pump Water,4.42,14.46,33.44,31.4,68.68
Total Hand Pump Water,3.57,13.15,23.33,21.9,35.93
Male Urban Functional Limitation Index,11,10,12,12,12
Female Urban Functional Limitation Index,12,10,11,12,12
Total Urban Functional Limitation Index,11,10,11,12,12
Male Rural Functional Limitation Index,8,10,11,12,9
Female Rural Functional Limitation Index,8,9,10,11,8
Total Rural Functional Limitation Index,8,9,10,11,8
Male Functional Limitation Index,9,10,11,12,10
Female Functional Limitation Index,9,9,10,11,10
Total Functional Limitation Index,9,10,11,11,10
Male Urban Immunization Index,100,100,98,0,100
Female Urban Immunization Index,100,100,97,0,100
Total Urban Immunization Index,100,100,98,0,100
Male Rural Immunization Index,98,100,98,0,98
Female Rural Immunization Index,98,99,97,0,99
Total Rural Immunization Index,98,99,97,0,99
Male Immunization Index,98,100,98,0,99
Female Immunization Index,99,100,97,0,99
Total Immunization Index,99,100,97,99,99
Male Urban Health Index,7,9,8,7,8
Female Urban Health Index,8,11,9,8,10
Total Urban Health Index,8,10,8,7,9
Male Rural Health Index,5,8,6,6,7
Female Rural Health Index,6,9,8,7,7
Total Rural Health Index,6,8,7,6,7
Male Health Index,5,8,7,6,8
Female Health Index,7,10,8,7,9
Total Health Index,6,9,7,7,8
Total Urban No Flush Toilet,23,2,2,0,2
Total Rural No Flush Toilet,45,6,11,2,30
Total No Flush Toilet,39,5,8,1,15
Male Urban Immunization on Record Index,86,81,58,0,83
Female Urban Immunization on Record Index,88,78,66,0,83
Total Urban Immunization on Record Index,87,80,62,0,83
Male Rural Immunization on Record Index,83,66,38,0,74
Female Rural Immunization on Record Index,82,67,32,0,72
Total Rural Immunization on Record Index,83,67,35,0,73
Male Immunization on Record Index,84,74,43,0,77
Female Immunization on Record Index,84,72,40,0,76
Total Immunization on Record Index,84,73,42,68,76
Male Urban Sewage,0,0,0,0,0
Female Urban Sewage,0,0,0,0,0
Total Urban Sewage,0,0,0,0,0
Male Rural Sewage,0,0,0,0,0
Female Rural Sewage,0,0,0,0,0
Total Rural Sewage,0,0,0,0,0
Male Sewage,58,48,16,8,50
Female Sewage,6,4,2,2,5
Total Sewage,26,27,6,3,22
Male Urban Lightning Fuel as Electricity,0,0,0,0,0
Female Urban Lightning Fuel as Electricity,0,0,0,0,0
Total Urban Lightning Fuel as Electricity,0,0,0,0,0
Male Rural Lightning Fuel as Electricity,0,0,0,0,0
Female Rural Lightning Fuel as Electricity,0,0,0,0,0
Total Rural Lightning Fuel as Electricity,0,0,0,0,0
Male Lightning Fuel as Electricity,99,98,95,96,98
Female Lightning Fuel as Electricity,93,73,67,85,87
Total Lightning Fuel as Electricity,95,86,75,87,91
Male Urban Breastfeeding Index,0,0,0,0,0
Female Urban Breastfeeding Index,0,0,0,0,0
Total Urban Breastfeeding Index,94,96,99,99,95
Male Rural Breastfeeding Index,0,0,0,0,0
Female Rural Breastfeeding Index,0,0,0,0,0
Total Rural Breastfeeding Index,94,93,98,98,95
Male Breastfeeding Index,0,0,0,0,0
Female Breastfeeding Index,0,0,0,0,0
Total Breastfeeding Index,94,94,98,98,95
Total Urban Flush Toilet,75,98,97,99,96
Total Rural Flush Toilet,33,82,74,84,51
Total Flush Toilet,44,84,83,89,76
Male Urban Literacy Rate,72,83,79,81,77
Female Urban Literacy Rate,44,55,67,72,63
Total Urban Literacy Rate,59,69,73,77,71
Male Rural Literacy Rate,53,71,65,68,49
Female Rural Literacy Rate,19,32,39,50,19
Total Rural Literacy Rate,38,51,52,59,35
Male Literacy Rate,58,73,70,73,65
Female Literacy Rate,26,36,50,58,44
Total  Literacy Rate,44,54,60,66,55
Total Urban No Toilet,3,0,1,1,2
Total Rural No Toilet,23,13,15,14,18
Total No Toilet,17,11,10,9,9
Male Urban Tap Water Index,0,0,0,0,0
Female Urban Tap Water Index,0,0,0,0,0
Total Urban Tap Water Index,0,0,0,0,0
Male Rural Tap Water Index,0,0,0,0,0
Female Rural Tap Water Index,0,0,0,0,0
Total Rural Tap Water Index,0,0,0,0,0
Male Tap Water Index,17,50,53,49,31
Female Tap Water Index,8,8,19,19,11
Total Tap Water Index,12,31,28,24,18
Total Urban Drink well Water,23,2,2,0,2
Total Rural Drink well Water,45,6,11,2,30
Total Drink well Water,39,5,8,1,15
Male Urban Water Delivered By Government,0,0,0,0,0
Female Urban Water Delivered By Government,0,0,0,0,0
Total Urban Water Delivered By Government,0,0,0,0,0
Male Rural Water Delivered By Government,0,0,0,0,0
Female Rural Water Delivered By Government,0,0,0,0,0
Total Rural Water Delivered By Government,0,0,0,0,0
Male Water Delivered By Government,42,64,69,49,50
Female Water Delivered By Government,11,10,22,26,14
Total Water Delivered By Government,22,36,36,21,27
Male Urban Garbage Collected by Municipality,0,0,0,0,0
Female Urban Garbage Collected by Municipality,0,0,0,0,0
Total Urban Garbage Collected by Municipality,0,0,0,0,0
Male Rural Garbage Collected by Municipality,0,0,0,0,0
Female Rural Garbage Collected by Municipality,0,0,0,0,0
Total Rural Garbage Collected by Municipality,0,0,0,0,0
Male Garbage Collected by Municipality,50,50,20,51,49
Female Garbage Collected by Municipality,2,2,2,1,2
Total Garbage Collected by Municipality,20,28,7,9,20
