﻿Name,Male Urban Immunization on Record Index,Female Urban Immunization on Record Index,Total Urban Immunization on Record Index,Male Rural Immunization on Record Index,Female Rural Immunization on Record Index,Total Rural Immunization on Record Index,Male Immunization on Record Index,Female Immunization on Record Index,Total Immunization on Record Index
Balochistan,58,66,62,38,32,35,43,40,42
KP (Including Merged Areas),0,0,0,0,0,0,0,0,68
Pakistan,83,83,83,74,72,73,77,76,76
Punjab,86,88,87,83,82,83,84,84,84
Sindh,81,78,80,66,67,67,74,72,73
