﻿Name,Male Urban Lightning Fuel as Electricity,Female Urban Lightning Fuel as Electricity,Total Urban Lightning Fuel as Electricity,Male Rural Lightning Fuel as Electricity,Female Rural Lightning Fuel as Electricity,Total Rural Lightning Fuel as Electricity,Male Lightning Fuel as Electricity,Female Lightning Fuel as Electricity,Total Lightning Fuel as Electricity
Balochistan,0,0,0,0,0,0,95,67,75
KP(Including Merged Areas),0,0,0,0,0,0,96,85,87
Pakistan,0,0,0,0,0,0,98,87,91
Punjab,0,0,0,0,0,0,99,93,95
Sindh,0,0,0,0,0,0,98,73,86
