﻿Name,Male Urban Water Delivered By Government,Female Urban Water Delivered By Government,Total Urban Water Delivered By Government,Male Rural Water Delivered By Government,Female Rural Water Delivered By Government,Total Rural Water Delivered By Government,Male Water Delivered By Government,Female Water Delivered By Government,Total Water Delivered By Government
Balochistan,0,0,0,0,0,0,69,22,36
KP (Excluding Merged Areas),0,0,0,0,0,0,49,26,21
Pakistan,0,0,0,0,0,0,50,14,27
Punjab,0,0,0,0,0,0,42,11,22
Sindh,0,0,0,0,0,0,64,10,36
