﻿Name,Male Urban Functional Limitation Index,Female Urban Functional Limitation Index,Total Urban Functional Limitation Index,Male Rural Functional Limitation Index,Female Rural Functional Limitation Index,Total Rural Functional Limitation Index,Male Functional Limitation Index,Female Functional Limitation Index,Total Functional Limitation Index
Pakistan,12,11,11,11,10,10,11,10,11
Punjab,12,12,12,12,11,11,12,11,11
Sindh,12,12,12,9,8,8,10,10,10
Balochistan,11,12,11,8,8,8,9,9,9
KP (Including Merged Areas),10,10,10,10,9,9,10,9,10
