﻿Name,Male Urban Garbage Collected by Municipality,Female Urban Garbage Collected by Municipality,Total Urban Garbage Collected by Municipality,Male Rural Garbage Collected by Municipality,Female Rural Garbage Collected by Municipality,Total Rural Garbage Collected by Municipality,Male Garbage Collected by Municipality,Female Garbage Collected by Municipality,Total Garbage Collected by Municipality
Balochistan,0,0,0,0,0,0,20,2,7
KP(Including Merged Areas),0,0,0,0,0,0,51,1,9
Pakistan,0,0,0,0,0,0,49,2,20
Punjab,0,0,0,0,0,0,50,2,20
Sindh,0,0,0,0,0,0,50,2,28
